benchmark,total_return,cagr,max_drawdown,calmar,sharpe,sortino,volatility,win_rate,annual_turnover,exposure,worst_year,return_2022,crash_2020_max_drawdown,daily_count
SPY,0.5438144361144694,0.2096336272323276,-0.190598939306564,1.0998677536979768,1.19983631353145,2.0585279350916457,0.1707382026238766,0.5652173913043478,0.0,1.0,0.044228196144104,0.0,0.0,575
QQQ,0.6315438631029329,0.2392921957745661,-0.2276833234877775,1.0509869238948095,1.1435149780250973,1.8936331109076476,0.2061697051370243,0.5791304347826087,0.0,1.0,0.0575580596923828,0.0,0.0,575
QLD,1.09996406222738,0.3842446416090683,-0.4229000613767635,0.9085944332997936,0.9967109571798394,1.6431960074026966,0.410030334222666,0.5739130434782609,0.0,1.0,0.0899858474731445,0.0,0.0,575
TQQQ,1.4934559314878224,0.4924598506142688,-0.58040067483427,0.8484825603534796,0.9512746154174364,1.567310891925879,0.623707484169386,0.5791304347826087,0.0,1.0,0.1131801605224609,0.0,0.0,575
