strategy_id,universe_name,cost_bps,slippage_bps,total_return,cagr,max_drawdown,calmar,sharpe,sortino,volatility,win_rate,annual_turnover,exposure,worst_year,return_2022,crash_2020_max_drawdown,daily_count
top5_ytdcap80p_derisk100p,v82_frozen_formal_replay,5.0,5.0,2.101008964267515,0.6421262430680639,-0.39298536022845376,1.6339698829869318,1.4634133681861425,2.587803534109733,0.3905959733111496,0.4434782608695652,14.112000000000002,0.8104347826086956,-0.03896423287485651,0.0,0.0,575
top5_ytdcap80p_derisk100p,v82_frozen_formal_replay,10.0,5.0,2.0513700475727696,0.6305538526203578,-0.3939722779014143,1.600503101332791,1.445077713746251,2.5539553031924234,0.3906692100590696,0.4434782608695652,14.112000000000002,0.8104347826086956,-0.04045928542610411,0.0,0.0,575
top5_ytdcap80p_derisk100p,v82_frozen_formal_replay,20.0,5.0,1.9543723503602894,0.6076314765947934,-0.3959437058908627,1.5346410804223771,1.4083088640245267,2.4861448885730417,0.3908484729196648,0.44173913043478263,14.112000000000002,0.8104347826086956,-0.0434459005236123,0.0,0.0,575
top5_ytdcap80p_derisk100p,v82_frozen_formal_replay,50.0,5.0,1.6808279558473473,0.5406128633202154,-0.40183873100742606,1.3453478263901464,1.2973369680884157,2.2819447507073773,0.39164795377093287,0.44,14.112000000000002,0.8104347826086956,-0.05237782577624417,0.0,0.0,575
