name,type,cagr,max_drawdown,calmar,total_return,annual_turnover,exposure
formal_pool_a_reproduction,strategy,0.6421262430680639,-0.3929853602284537,1.6339698829869318,2.101008964267515,14.112000000000002,0.8104347826086956
formal_pool_a_plus_small_growth,strategy,0.6421262430680639,-0.3929853602284537,1.6339698829869318,2.101008964267515,14.112000000000002,0.8104347826086956
formal_small_growth_only,strategy,0.6064557583507033,-0.3521871727679994,1.721970035377187,1.9494446339538327,13.936695652173915,0.8991304347826087
formal_pool_a_plus_small_growth_ex_high_vol,strategy,0.6566465156253447,-0.3361629570516086,1.9533577446623147,2.163929832622592,14.287304347826089,0.9182608695652174
SPY,benchmark,0.2096328731196726,-0.1905990924034857,1.0998629137010454,0.5438122400524272,0.0,1.0
QQQ,benchmark,0.2392922775621182,-0.2276831049284268,1.050988291983021,0.6315441087884583,0.0,1.0
QLD,benchmark,0.3842443739865406,-0.4229001208460561,0.908593672704135,1.0999631358478932,0.0,1.0
TQQQ,benchmark,0.492460400648534,-0.5804007047324977,0.848483464325746,1.4934580282838832,0.0,1.0
