benchmark,total_return,cagr,max_drawdown,calmar,sharpe,sortino,volatility,win_rate,annual_turnover,exposure,worst_year,return_2022,crash_2020_max_drawdown,daily_count
SPY,0.5438122400524272,0.2096328731196726,-0.1905990924034857,1.0998629137010454,1.1998328819107016,2.0585273351803783,0.1707381912888675,0.5652173913043478,0.0,1.0,0.0442271992797087,0.0,0.0,575
QQQ,0.6315441087884583,0.2392922775621182,-0.2276831049284268,1.050988291983021,1.1435152478396553,1.8936302359089028,0.2061696841521985,0.5791304347826087,0.0,1.0,0.0575574651468639,0.0,0.0,575
QLD,1.0999631358478932,0.3842443739865406,-0.4229001208460561,0.908593672704135,0.9967104046104728,1.6431931514661415,0.4100303625618071,0.5739130434782609,0.0,1.0,0.0899861437227045,0.0,0.0,575
TQQQ,1.4934580282838832,0.492460400648534,-0.5804007047324977,0.848483464325746,0.9512752058696506,1.567310630653158,0.6237074767232487,0.5791304347826087,0.0,1.0,0.1131803627054914,0.0,0.0,575
