name,type,cagr,max_drawdown,calmar,total_return,annual_turnover,exposure
formal_pool_a_reproduction,strategy,0.2322248622855247,-0.4158677477844616,0.5584103684950428,0.6103915117912306,13.58608695652174,0.9634782608695652
formal_pool_a_plus_small_growth,strategy,0.0797791017483375,-0.4275375473289412,0.1866013926654182,0.191411578540722,13.58608695652174,0.9634782608695652
formal_small_growth_only,strategy,0.063440307698519,-0.4405718734359487,0.1439953649418388,0.1506746610721248,13.586086956521742,0.9634782608695652
formal_pool_a_plus_small_growth_ex_high_vol,strategy,-0.0586253256931927,-0.3841001732444857,-0.152630302657731,-0.1287702195000951,14.287304347826089,0.9634782608695652
SPY,benchmark,0.2096328731196726,-0.1905990924034857,1.0998629137010454,0.5438122400524272,0.0,1.0
QQQ,benchmark,0.2392922775621182,-0.2276831049284268,1.050988291983021,0.6315441087884583,0.0,1.0
QLD,benchmark,0.3842443739865406,-0.4229001208460561,0.908593672704135,1.0999631358478932,0.0,1.0
TQQQ,benchmark,0.492460400648534,-0.5804007047324977,0.848483464325746,1.4934580282838832,0.0,1.0
