year,year_return,strategy_id
2024,0.8106926152371345,top5_ytdcap80p_derisk100p
2025,0.782045301599916,top5_ytdcap80p_derisk100p
2026,-0.0389642328748565,top5_ytdcap80p_derisk100p
